Workbook

Sheet Club Setup
A1: Tennis Club Portal Workbook
A2: Enter your club and season details, then list up to 14 teams. Blue cells are for input; grey cells are portal outputs.
A4: Club name | B4: The Mouth of Bourne | C4: Used for reference; team names should be entered in full below.
A5: Portal team prefix | B5: Bournemouth | C5: Teams whose names begin with this text are treated as your club teams.
A6: Season start | B6: 46113 | C6: Portal importer currently accepts 1 April to 31 August 2026.
A7: Season end | B7: 46265 | C7: Change only if the portal importer season window is updated.
A10: Team name | B10: Planned matches | C10: Active? | D10: Notes
C11: Yes
C12: Yes
C13: Yes
C14: Yes
C15: Yes
C16: Yes
C17: Yes
C18: Yes
A19: test team | B19: 4 | C19: Yes
C20: Yes
C21: Yes
C22: Yes
C23: Yes
C24: Yes

Sheet Fixtures Input
A1: Fixtures Input
A2: Enter one fixture per row. Day is calculated automatically. Maximum 92 fixtures matches the portal's By Date rows 2–93.
A4: Date | B4: Day (auto) | C4: Time | D4: Home team | E4: Away team | F4: H / A | G4: Status
A5: 46145 | B5: =IF(A5="","",TEXT(A5,"ddd")) -> Sun | C5: 1500 | D5: bournemouth | E5: milford | F5: H | G5: Played
B6: =IF(A6="","",TEXT(A6,"ddd"))
B7: =IF(A7="","",TEXT(A7,"ddd"))
B8: =IF(A8="","",TEXT(A8,"ddd"))
B9: =IF(A9="","",TEXT(A9,"ddd"))
B10: =IF(A10="","",TEXT(A10,"ddd"))
B11: =IF(A11="","",TEXT(A11,"ddd"))
B12: =IF(A12="","",TEXT(A12,"ddd"))
B13: =IF(A13="","",TEXT(A13,"ddd"))
B14: =IF(A14="","",TEXT(A14,"ddd"))
B15: =IF(A15="","",TEXT(A15,"ddd"))
B16: =IF(A16="","",TEXT(A16,"ddd"))
B17: =IF(A17="","",TEXT(A17,"ddd"))
... B96: =IF(A96="","",TEXT(A96,"ddd"))

Sheet Results Input
A1: Results Input
A2: Enter one row for each club-team match. Set Played and Won to Yes/No; Net Points drives the portal average rankings.
A4: Date | B4: Club team | C4: Opponent | D4: H / A | E4: Played? | F4: Won? | G4: Net points
A5: ='Fixtures Input'!A5 -> 46145 | B5: Bournemouth | C5: Milford | D5: H | E5: Yes | F5: Yes | G5: 6

Sheet Portal Updates
A1: Portal Updates
A2: Type the recent portal feature notes below. Line breaks are supported; the text is copied automatically to Portal Features!A1.
A4: Recent features in the past week
A7: Tip | B7: Use Alt+Enter (Windows) or Control+Option+Return (Mac) for a line break in the cell.

Sheet By Date
B1: Portal mapping — do not rename or rearrange | C1: Date | D1: Day | F1: Time | G1: Home Team | H1: Away Team | I1: Venue | L1: Status
C2: =IF('Fixtures Input'!A5="","",'Fixtures Input'!A5) -> 46145 | D2: =IF(C2="","",TEXT(C2,"ddd")) -> Sun | F2: =IF('Fixtures Input'!C5="","",'Fixtures Input'!C5) -> 1500 | G2: =IF('Fixtures Input'!D5="","",'Fixtures Input'!D5) -> bournemouth | H2: =IF('Fixtures Input'!E5="","",'Fixtures Input'!E5) -> milford | I2: =IF('Fixtures Input'!F5="","",'Fixtures Input'!F5) -> H | L2: =IF('Fixtures Input'!A5="","",IF('Fixtures Input'!G5="","Published",'Fixtures Input'!G5)) -> Played
C3: =IF('Fixtures Input'!A6="","",'Fixtures Input'!A6) | D3: =IF(C3="","",TEXT(C3,"ddd")) | F3: =IF('Fixtures Input'!C6="","",'Fixtures Input'!C6) | G3: =IF('Fixtures Input'!D6="","",'Fixtures Input'!D6) | H3: =IF('Fixtures Input'!E6="","",'Fixtures Input'!E6) | I3: =IF('Fixtures Input'!F6="","",'Fixtures Input'!F6) | L3: =IF('Fixtures Input'!A6="","",IF('Fixtures Input'!G6="","Published",'Fixtures Input'!G6))
C4: =IF('Fixtures Input'!A7="","",'Fixtures Input'!A7) | D4: =IF(C4="","",TEXT(C4,"ddd")) | F4: =IF('Fixtures Input'!C7="","",'Fixtures Input'!C7) | G4: =IF('Fixtures Input'!D7="","",'Fixtures Input'!D7) | H4: =IF('Fixtures Input'!E7="","",'Fixtures Input'!E7) | I4: =IF('Fixtures Input'!F7="","",'Fixtures Input'!F7) | L4: =IF('Fixtures Input'!A7="","",IF('Fixtures Input'!G7="","Published",'Fixtures Input'!G7))
C5: =IF('Fixtures Input'!A8="","",'Fixtures Input'!A8) | D5: =IF(C5="","",TEXT(C5,"ddd")) | F5: =IF('Fixtures Input'!C8="","",'Fixtures Input'!C8) | G5: =IF('Fixtures Input'!D8="","",'Fixtures Input'!D8) | H5: =IF('Fixtures Input'!E8="","",'Fixtures Input'!E8) | I5: =IF('Fixtures Input'!F8="","",'Fixtures Input'!F8) | L5: =IF('Fixtures Input'!A8="","",IF('Fixtures Input'!G8="","Published",'Fixtures Input'!G8))
C6: =IF('Fixtures Input'!A9="","",'Fixtures Input'!A9) | D6: =IF(C6="","",TEXT(C6,"ddd")) | F6: =IF('Fixtures Input'!C9="","",'Fixtures Input'!C9) | G6: =IF('Fixtures Input'!D9="","",'Fixtures Input'!D9) | H6: =IF('Fixtures Input'!E9="","",'Fixtures Input'!E9) | I6: =IF('Fixtures Input'!F9="","",'Fixtures Input'!F9) | L6: =IF('Fixtures Input'!A9="","",IF('Fixtures Input'!G9="","Published",'Fixtures Input'!G9))
C7: =IF('Fixtures Input'!A10="","",'Fixtures Input'!A10) | D7: =IF(C7="","",TEXT(C7,"ddd")) | F7: =IF('Fixtures Input'!C10="","",'Fixtures Input'!C10) | G7: =IF('Fixtures Input'!D10="","",'Fixtures Input'!D10) | H7: =IF('Fixtures Input'!E10="","",'Fixtures Input'!E10) | I7: =IF('Fixtures Input'!F10="","",'Fixtures Input'!F10) | L7: =IF('Fixtures Input'!A10="","",IF('Fixtures Input'!G10="","Published",'Fixtures Input'!G10))
C8: =IF('Fixtures Input'!A11="","",'Fixtures Input'!A11) | D8: =IF(C8="","",TEXT(C8,"ddd")) | F8: =IF('Fixtures Input'!C11="","",'Fixtures Input'!C11) | G8: =IF('Fixtures Input'!D11="","",'Fixtures Input'!D11) | H8: =IF('Fixtures Input'!E11="","",'Fixtures Input'!E11) | I8: =IF('Fixtures Input'!F11="","",'Fixtures Input'!F11) | L8: =IF('Fixtures Input'!A11="","",IF('Fixtures Input'!G11="","Published",'Fixtures Input'!G11))
C9: =IF('Fixtures Input'!A12="","",'Fixtures Input'!A12) | D9: =IF(C9="","",TEXT(C9,"ddd")) | F9: =IF('Fixtures Input'!C12="","",'Fixtures Input'!C12) | G9: =IF('Fixtures Input'!D12="","",'Fixtures Input'!D12) | H9: =IF('Fixtures Input'!E12="","",'Fixtures Input'!E12) | I9: =IF('Fixtures Input'!F12="","",'Fixtures Input'!F12) | L9: =IF('Fixtures Input'!A12="","",IF('Fixtures Input'!G12="","Published",'Fixtures Input'!G12))
C10: =IF('Fixtures Input'!A13="","",'Fixtures Input'!A13) | D10: =IF(C10="","",TEXT(C10,"ddd")) | F10: =IF('Fixtures Input'!C13="","",'Fixtures Input'!C13) | G10: =IF('Fixtures Input'!D13="","",'Fixtures Input'!D13) | H10: =IF('Fixtures Input'!E13="","",'Fixtures Input'!E13) | I10: =IF('Fixtures Input'!F13="","",'Fixtures Input'!F13) | L10: =IF('Fixtures Input'!A13="","",IF('Fixtures Input'!G13="","Published",'Fixtures Input'!G13))
C11: =IF('Fixtures Input'!A14="","",'Fixtures Input'!A14) | D11: =IF(C11="","",TEXT(C11,"ddd")) | F11: =IF('Fixtures Input'!C14="","",'Fixtures Input'!C14) | G11: =IF('Fixtures Input'!D14="","",'Fixtures Input'!D14) | H11: =IF('Fixtures Input'!E14="","",'Fixtures Input'!E14) | I11: =IF('Fixtures Input'!F14="","",'Fixtures Input'!F14) | L11: =IF('Fixtures Input'!A14="","",IF('Fixtures Input'!G14="","Published",'Fixtures Input'!G14))
C12: =IF('Fixtures Input'!A15="","",'Fixtures Input'!A15) | D12: =IF(C12="","",TEXT(C12,"ddd")) | F12: =IF('Fixtures Input'!C15="","",'Fixtures Input'!C15) | G12: =IF('Fixtures Input'!D15="","",'Fixtures Input'!D15) | H12: =IF('Fixtures Input'!E15="","",'Fixtures Input'!E15) | I12: =IF('Fixtures Input'!F15="","",'Fixtures Input'!F15) | L12: =IF('Fixtures Input'!A15="","",IF('Fixtures Input'!G15="","Published",'Fixtures Input'!G15))
C13: =IF('Fixtures Input'!A16="","",'Fixtures Input'!A16) | D13: =IF(C13="","",TEXT(C13,"ddd")) | F13: =IF('Fixtures Input'!C16="","",'Fixtures Input'!C16) | G13: =IF('Fixtures Input'!D16="","",'Fixtures Input'!D16) | H13: =IF('Fixtures Input'!E16="","",'Fixtures Input'!E16) | I13: =IF('Fixtures Input'!F16="","",'Fixtures Input'!F16) | L13: =IF('Fixtures Input'!A16="","",IF('Fixtures Input'!G16="","Published",'Fixtures Input'!G16))
... C93: =IF('Fixtures Input'!A96="","",'Fixtures Input'!A96) | D93: =IF(C93="","",TEXT(C93,"ddd")) | F93: =IF('Fixtures Input'!C96="","",'Fixtures Input'!C96) | G93: =IF('Fixtures Input'!D96="","",'Fixtures Input'!D96) | H93: =IF('Fixtures Input'!E96="","",'Fixtures Input'!E96) | I93: =IF('Fixtures Input'!F96="","",'Fixtures Input'!F96) | L93: =IF('Fixtures Input'!A96="","",IF('Fixtures Input'!G96="","Published",'Fixtures Input'!G96))
B106: Monthly portal totals
B107: Month | C107: Originally Planned | E107: Played | H107: Currently Planned
B108: April | C108: =COUNTIFS('Fixtures Input'!$A$5:$A$96,">="&DATE(YEAR('Club Setup'!$B$6),4,1),'Fixtures Input'!$A$5:$A$96,"<"&EDATE(DATE(YEAR('Club Setup'!$B$6),4,1),1)) -> 0 | E108: =COUNTIFS('Results Input'!$A$5:$A$204,">="&DATE(YEAR('Club Setup'!$B$6),4,1),'Results Input'!$A$5:$A$204,"<"&EDATE(DATE(YEAR('Club Setup'!$B$6),4,1),1),'Results Input'!$E$5:$E$204,"Yes") -> 0 | H108: =COUNTIFS('Fixtures Input'!$A$5:$A$96,">="&DATE(YEAR('Club Setup'!$B$6),4,1),'Fixtures Input'!$A$5:$A$96,"<"&EDATE(DATE(YEAR('Club Setup'!$B$6),4,1),1),'Fixtures Input'!$G$5:$G$96,"<>Cancelled") -> 0
B109: May | C109: =COUNTIFS('Fixtures Input'!$A$5:$A$96,">="&DATE(YEAR('Club Setup'!$B$6),5,1),'Fixtures Input'!$A$5:$A$96,"<"&EDATE(DATE(YEAR('Club Setup'!$B$6),5,1),1)) -> 1 | E109: =COUNTIFS('Results Input'!$A$5:$A$204,">="&DATE(YEAR('Club Setup'!$B$6),5,1),'Results Input'!$A$5:$A$204,"<"&EDATE(DATE(YEAR('Club Setup'!$B$6),5,1),1),'Results Input'!$E$5:$E$204,"Yes") -> 1 | H109: =COUNTIFS('Fixtures Input'!$A$5:$A$96,">="&DATE(YEAR('Club Setup'!$B$6),5,1),'Fixtures Input'!$A$5:$A$96,"<"&EDATE(DATE(YEAR('Club Setup'!$B$6),5,1),1),'Fixtures Input'!$G$5:$G$96,"<>Cancelled") -> 1
B110: June | C110: =COUNTIFS('Fixtures Input'!$A$5:$A$96,">="&DATE(YEAR('Club Setup'!$B$6),6,1),'Fixtures Input'!$A$5:$A$96,"<"&EDATE(DATE(YEAR('Club Setup'!$B$6),6,1),1)) -> 0 | E110: =COUNTIFS('Results Input'!$A$5:$A$204,">="&DATE(YEAR('Club Setup'!$B$6),6,1),'Results Input'!$A$5:$A$204,"<"&EDATE(DATE(YEAR('Club Setup'!$B$6),6,1),1),'Results Input'!$E$5:$E$204,"Yes") -> 0 | H110: =COUNTIFS('Fixtures Input'!$A$5:$A$96,">="&DATE(YEAR('Club Setup'!$B$6),6,1),'Fixtures Input'!$A$5:$A$96,"<"&EDATE(DATE(YEAR('Club Setup'!$B$6),6,1),1),'Fixtures Input'!$G$5:$G$96,"<>Cancelled") -> 0
B111: July | C111: =COUNTIFS('Fixtures Input'!$A$5:$A$96,">="&DATE(YEAR('Club Setup'!$B$6),7,1),'Fixtures Input'!$A$5:$A$96,"<"&EDATE(DATE(YEAR('Club Setup'!$B$6),7,1),1)) -> 0 | E111: =COUNTIFS('Results Input'!$A$5:$A$204,">="&DATE(YEAR('Club Setup'!$B$6),7,1),'Results Input'!$A$5:$A$204,"<"&EDATE(DATE(YEAR('Club Setup'!$B$6),7,1),1),'Results Input'!$E$5:$E$204,"Yes") -> 0 | H111: =COUNTIFS('Fixtures Input'!$A$5:$A$96,">="&DATE(YEAR('Club Setup'!$B$6),7,1),'Fixtures Input'!$A$5:$A$96,"<"&EDATE(DATE(YEAR('Club Setup'!$B$6),7,1),1),'Fixtures Input'!$G$5:$G$96,"<>Cancelled") -> 0
B112: August | C112: =COUNTIFS('Fixtures Input'!$A$5:$A$96,">="&DATE(YEAR('Club Setup'!$B$6),8,1),'Fixtures Input'!$A$5:$A$96,"<"&EDATE(DATE(YEAR('Club Setup'!$B$6),8,1),1)) -> 0 | E112: =COUNTIFS('Results Input'!$A$5:$A$204,">="&DATE(YEAR('Club Setup'!$B$6),8,1),'Results Input'!$A$5:$A$204,"<"&EDATE(DATE(YEAR('Club Setup'!$B$6),8,1),1),'Results Input'!$E$5:$E$204,"Yes") -> 0 | H112: =COUNTIFS('Fixtures Input'!$A$5:$A$96,">="&DATE(YEAR('Club Setup'!$B$6),8,1),'Fixtures Input'!$A$5:$A$96,"<"&EDATE(DATE(YEAR('Club Setup'!$B$6),8,1),1),'Fixtures Input'!$G$5:$G$96,"<>Cancelled") -> 0

Sheet League Results
K1: League Results — portal mapping
K5: Team | S5: Remaining | T5: Played | Z5: Avg Net Points | AC5: % Played
K7: =IF('Club Setup'!A11="","",'Club Setup'!A11) | S7: =IF(K7="","",MAX(0,IFERROR(INDEX('Club Setup'!$B$11:$B$24,MATCH(K7,'Club Setup'!$A$11:$A$24,0)),0)-T7)) | T7: =IF(K7="","",COUNTIFS('Results Input'!$B$5:$B$204,K7,'Results Input'!$E$5:$E$204,"Yes")) | Z7: =IF(K7="","",IFERROR(AVERAGEIFS('Results Input'!$G$5:$G$204,'Results Input'!$B$5:$B$204,K7,'Results Input'!$E$5:$E$204,"Yes"),"")) | AC7: =IF(K7="","",IFERROR(T7/(T7+S7),0))
K8: =IF('Club Setup'!A12="","",'Club Setup'!A12) | S8: =IF(K8="","",MAX(0,IFERROR(INDEX('Club Setup'!$B$11:$B$24,MATCH(K8,'Club Setup'!$A$11:$A$24,0)),0)-T8)) | T8: =IF(K8="","",COUNTIFS('Results Input'!$B$5:$B$204,K8,'Results Input'!$E$5:$E$204,"Yes")) | Z8: =IF(K8="","",IFERROR(AVERAGEIFS('Results Input'!$G$5:$G$204,'Results Input'!$B$5:$B$204,K8,'Results Input'!$E$5:$E$204,"Yes"),"")) | AC8: =IF(K8="","",IFERROR(T8/(T8+S8),0))
K9: =IF('Club Setup'!A13="","",'Club Setup'!A13) | S9: =IF(K9="","",MAX(0,IFERROR(INDEX('Club Setup'!$B$11:$B$24,MATCH(K9,'Club Setup'!$A$11:$A$24,0)),0)-T9)) | T9: =IF(K9="","",COUNTIFS('Results Input'!$B$5:$B$204,K9,'Results Input'!$E$5:$E$204,"Yes")) | Z9: =IF(K9="","",IFERROR(AVERAGEIFS('Results Input'!$G$5:$G$204,'Results Input'!$B$5:$B$204,K9,'Results Input'!$E$5:$E$204,"Yes"),"")) | AC9: =IF(K9="","",IFERROR(T9/(T9+S9),0))
K10: =IF('Club Setup'!A14="","",'Club Setup'!A14) | S10: =IF(K10="","",MAX(0,IFERROR(INDEX('Club Setup'!$B$11:$B$24,MATCH(K10,'Club Setup'!$A$11:$A$24,0)),0)-T10)) | T10: =IF(K10="","",COUNTIFS('Results Input'!$B$5:$B$204,K10,'Results Input'!$E$5:$E$204,"Yes")) | Z10: =IF(K10="","",IFERROR(AVERAGEIFS('Results Input'!$G$5:$G$204,'Results Input'!$B$5:$B$204,K10,'Results Input'!$E$5:$E$204,"Yes"),"")) | AC10: =IF(K10="","",IFERROR(T10/(T10+S10),0))
K11: =IF('Club Setup'!A15="","",'Club Setup'!A15) | S11: =IF(K11="","",MAX(0,IFERROR(INDEX('Club Setup'!$B$11:$B$24,MATCH(K11,'Club Setup'!$A$11:$A$24,0)),0)-T11)) | T11: =IF(K11="","",COUNTIFS('Results Input'!$B$5:$B$204,K11,'Results Input'!$E$5:$E$204,"Yes")) | Z11: =IF(K11="","",IFERROR(AVERAGEIFS('Results Input'!$G$5:$G$204,'Results Input'!$B$5:$B$204,K11,'Results Input'!$E$5:$E$204,"Yes"),"")) | AC11: =IF(K11="","",IFERROR(T11/(T11+S11),0))
K12: =IF('Club Setup'!A16="","",'Club Setup'!A16) | S12: =IF(K12="","",MAX(0,IFERROR(INDEX('Club Setup'!$B$11:$B$24,MATCH(K12,'Club Setup'!$A$11:$A$24,0)),0)-T12)) | T12: =IF(K12="","",COUNTIFS('Results Input'!$B$5:$B$204,K12,'Results Input'!$E$5:$E$204,"Yes")) | Z12: =IF(K12="","",IFERROR(AVERAGEIFS('Results Input'!$G$5:$G$204,'Results Input'!$B$5:$B$204,K12,'Results Input'!$E$5:$E$204,"Yes"),"")) | AC12: =IF(K12="","",IFERROR(T12/(T12+S12),0))
K13: =IF('Club Setup'!A17="","",'Club Setup'!A17) | S13: =IF(K13="","",MAX(0,IFERROR(INDEX('Club Setup'!$B$11:$B$24,MATCH(K13,'Club Setup'!$A$11:$A$24,0)),0)-T13)) | T13: =IF(K13="","",COUNTIFS('Results Input'!$B$5:$B$204,K13,'Results Input'!$E$5:$E$204,"Yes")) | Z13: =IF(K13="","",IFERROR(AVERAGEIFS('Results Input'!$G$5:$G$204,'Results Input'!$B$5:$B$204,K13,'Results Input'!$E$5:$E$204,"Yes"),"")) | AC13: =IF(K13="","",IFERROR(T13/(T13+S13),0))
K14: =IF('Club Setup'!A18="","",'Club Setup'!A18) | S14: =IF(K14="","",MAX(0,IFERROR(INDEX('Club Setup'!$B$11:$B$24,MATCH(K14,'Club Setup'!$A$11:$A$24,0)),0)-T14)) | T14: =IF(K14="","",COUNTIFS('Results Input'!$B$5:$B$204,K14,'Results Input'!$E$5:$E$204,"Yes")) | Z14: =IF(K14="","",IFERROR(AVERAGEIFS('Results Input'!$G$5:$G$204,'Results Input'!$B$5:$B$204,K14,'Results Input'!$E$5:$E$204,"Yes"),"")) | AC14: =IF(K14="","",IFERROR(T14/(T14+S14),0))
K15: =IF('Club Setup'!A19="","",'Club Setup'!A19) -> test team | S15: =IF(K15="","",MAX(0,IFERROR(INDEX('Club Setup'!$B$11:$B$24,MATCH(K15,'Club Setup'!$A$11:$A$24,0)),0)-T15)) -> 4 | T15: =IF(K15="","",COUNTIFS('Results Input'!$B$5:$B$204,K15,'Results Input'!$E$5:$E$204,"Yes")) -> 0 | Z15: =IF(K15="","",IFERROR(AVERAGEIFS('Results Input'!$G$5:$G$204,'Results Input'!$B$5:$B$204,K15,'Results Input'!$E$5:$E$204,"Yes"),"")) | AC15: =IF(K15="","",IFERROR(T15/(T15+S15),0)) -> 0
K16: =IF('Club Setup'!A20="","",'Club Setup'!A20) | S16: =IF(K16="","",MAX(0,IFERROR(INDEX('Club Setup'!$B$11:$B$24,MATCH(K16,'Club Setup'!$A$11:$A$24,0)),0)-T16)) | T16: =IF(K16="","",COUNTIFS('Results Input'!$B$5:$B$204,K16,'Results Input'!$E$5:$E$204,"Yes")) | Z16: =IF(K16="","",IFERROR(AVERAGEIFS('Results Input'!$G$5:$G$204,'Results Input'!$B$5:$B$204,K16,'Results Input'!$E$5:$E$204,"Yes"),"")) | AC16: =IF(K16="","",IFERROR(T16/(T16+S16),0))
K17: =IF('Club Setup'!A21="","",'Club Setup'!A21) | S17: =IF(K17="","",MAX(0,IFERROR(INDEX('Club Setup'!$B$11:$B$24,MATCH(K17,'Club Setup'!$A$11:$A$24,0)),0)-T17)) | T17: =IF(K17="","",COUNTIFS('Results Input'!$B$5:$B$204,K17,'Results Input'!$E$5:$E$204,"Yes")) | Z17: =IF(K17="","",IFERROR(AVERAGEIFS('Results Input'!$G$5:$G$204,'Results Input'!$B$5:$B$204,K17,'Results Input'!$E$5:$E$204,"Yes"),"")) | AC17: =IF(K17="","",IFERROR(T17/(T17+S17),0))
K18: =IF('Club Setup'!A22="","",'Club Setup'!A22) | S18: =IF(K18="","",MAX(0,IFERROR(INDEX('Club Setup'!$B$11:$B$24,MATCH(K18,'Club Setup'!$A$11:$A$24,0)),0)-T18)) | T18: =IF(K18="","",COUNTIFS('Results Input'!$B$5:$B$204,K18,'Results Input'!$E$5:$E$204,"Yes")) | Z18: =IF(K18="","",IFERROR(AVERAGEIFS('Results Input'!$G$5:$G$204,'Results Input'!$B$5:$B$204,K18,'Results Input'!$E$5:$E$204,"Yes"),"")) | AC18: =IF(K18="","",IFERROR(T18/(T18+S18),0))
... K20: =IF('Club Setup'!A24="","",'Club Setup'!A24) | S20: =IF(K20="","",MAX(0,IFERROR(INDEX('Club Setup'!$B$11:$B$24,MATCH(K20,'Club Setup'!$A$11:$A$24,0)),0)-T20)) | T20: =IF(K20="","",COUNTIFS('Results Input'!$B$5:$B$204,K20,'Results Input'!$E$5:$E$204,"Yes")) | Z20: =IF(K20="","",IFERROR(AVERAGEIFS('Results Input'!$G$5:$G$204,'Results Input'!$B$5:$B$204,K20,'Results Input'!$E$5:$E$204,"Yes"),"")) | AC20: =IF(K20="","",IFERROR(T20/(T20+S20),0))
K21: Portal summary totals | T21: =COUNTIF('Results Input'!$E$5:$E$204,"Yes") -> 1 | U21: =COUNTIFS('Results Input'!$E$5:$E$204,"Yes",'Results Input'!$F$5:$F$204,"Yes") -> 1
T22: Total Matches Played | U22: Total Wins

Sheet Portal Features
A1: =IF('Portal Updates'!A5="","",'Portal Updates'!A5)
A3: Portal reads A1 only — update the blue input cell on Portal Updates.
